id,player_name,games,time,goals_3wks,xG_3wks,assists_3wks,xA_3wks,shots_3wks,key_passes_3wks,yellow_cards,red_cards,position,team_title,npg_3wks,npxG_3wks,xGChain,xGBuildup
647,Harry Kane,3,270,5,2.0607955306768417,0,0.3910949155688286,7,2,1,0,FWD,Tottenham,5,2.0607955306768417,2.6767265051603317,0.22483597695827484
502,Olivier Giroud,3,234,3,3.1137402653694153,0,0.40248509496450424,12,2,1,0,FWD,Chelsea,3,3.1137402653694153,3.732365131378174,0.30892330408096313
618,Raheem Sterling,3,198,3,2.774513840675354,0,0.39271488785743713,11,3,0,0,FWD,Manchester City,3,2.013344943523407,2.352346047759056,0.712441697716713
986,Danny Ings,3,270,3,2.290885627269745,0,0.13838174007833004,10,3,0,0,FWD,Southampton,2,0.7685479409992695,1.814413771033287,1.169490970671177
4456,Chris Wood,3,264,3,2.1954740285873413,0,0.7095881886780262,10,4,0,0,FWD,Burnley,2,1.4343052208423615,1.5645041763782501,0.15562047436833382
7700,Che Adams,3,151,3,1.9055250883102417,0,0.41254836320877075,10,1,0,0,FWD,Southampton,3,1.9055250883102417,2.3673327565193176,0.04925932735204697
318,Pierre-Emerick Aubameyang,3,210,2,1.455847904086113,1,0.3655194416642189,6,2,0,0,FWD,Arsenal,1,0.6947157829999924,1.0931262522935867,0.03289101645350456
447,Kevin De Bruyne,3,246,2,0.4195265993475914,2,2.7748354077339172,7,21,0,0,MID,Manchester City,2,0.4195265993475914,4.295104265213013,2.3183056712150574
531,Michail Antonio,3,219,2,1.9048762023448944,0,0.08414974063634872,7,2,1,0,FWD,West Ham,1,1.1437073647975922,1.0577586144208908,0
574,Troy Deeney,3,229,2,1.6963218748569489,0,0.45213213562965393,5,2,0,0,FWD,Watford,1,0.9351529777050018,1.764219969511032,1.2901687920093536
838,Sadio Mané,3,202,2,0.8520665466785431,0,0.37091222405433655,7,4,0,0,FWD,Liverpool,2,0.8520665466785431,1.9011365622282028,0.8634442538022995
5073,Florian Lejeune,3,187,2,0.31868889927864075,0,0,2,0,0,0,DEF,Newcastle United,2,0.31868889927864075,0,0
5543,Gabriel Jesus,3,259,2,1.8810880482196808,0,0.42976026982069016,11,4,0,0,FWD,Manchester City,2,1.8810880482196808,3.3875851929187775,1.0767368525266647
7711,David McGoldrick,3,227,2,1.3770855739712715,0,0.45071691274642944,6,1,0,0,FWD,Sheffield United,2,1.3770855739712715,2.0011302828788757,0.2308247834444046
7752,Gabriel Martinelli,3,270,2,1.5357692241668701,0,0.018836161121726036,5,1,0,0,MID,Arsenal,2,1.5357692241668701,2.0755375623703003,0.520932137966156
191,Chicharito,2,107,1,0.8829848766326904,0,0,3,0,0,0,FWD,West Ham,1,0.8829848766326904,0.8958585262298584,0.07047868520021439
371,Sokratis,3,270,1,1.1568775177001953,0,0,2,0,1,0,DEF,Arsenal,1,1.1568775177001953,0.8245531916618347,0.8245531916618347
453,Son Heung-Min,3,262,1,0.3101940266788006,0,0.029921654611825943,5,1,0,0,FWD,Tottenham,1,0.3101940266788006,0.7889481484889984,0.4946480393409729
461,Matt Ritchie,3,270,1,0.12443110719323158,0,1.0547314286231995,4,8,1,0,DEF,Newcastle United,1,0.12443110719323158,0.7867410480976105,0.7085738554596901
463,Junior Stanislas,3,166,1,0.08757379278540611,0,0.16777356527745724,2,3,0,0,DEF,Bournemouth,1,0.08757379278540611,0.2596011832356453,0.12104474380612373
465,Joshua King,3,240,1,0.9165688082575798,1,0.4002450108528137,4,3,0,0,FWD,Bournemouth,0,0.15547417476773262,0.8226023837924004,0.6216521337628365
482,Roberto Firmino,3,175,1,0.40503522753715515,1,0.33620385825634,1,4,0,0,FWD,Liverpool,1,0.40503522753715515,1.1916133910417557,0.5543141961097717
484,Divock Origi,3,74,1,0.03597424179315567,0,0,2,0,0,0,FWD,Liverpool,1,0.03597424179315567,0.05211712047457695,0.01614287868142128
499,Mesut Özil,3,267,1,0.703451544046402,1,0.7414463348686695,2,6,0,0,MID,Arsenal,1,0.703451544046402,3.452458471059799,2.729802906513214
501,Danny Welbeck,3,200,1,1.710162192583084,0,0.19971640408039093,9,1,0,0,FWD,Watford,1,1.710162192583084,1.9392778277397156,0.06316632684320211
503,Theo Walcott,3,172,1,0.40739955753088,1,1.3908867500722408,3,5,0,0,MID,Everton,1,0.40739955753088,1.4544892236590385,0.17836972326040268
519,Connor Wickham,3,54,1,0.8162467330694199,0,0.1077883429825306,2,2,0,0,FWD,Crystal Palace,1,0.8162467330694199,0.8357651084661484,0.019518323242664337
553,Anthony Martial,3,270,1,0.6737542599439621,1,0.4197397530078888,5,5,0,0,FWD,Manchester United,1,0.6737542599439621,1.2421780675649643,0.31317542493343353
556,Marcus Rashford,3,267,1,0.7048419769853354,1,0.4664032533764839,6,2,1,0,MID,Manchester United,1,0.7048419769853354,1.776341900229454,1.095180444419384
558,Jesse Lingard,3,35,1,0.44141893833875656,0,0.05028360337018967,2,1,0,0,FWD,Manchester United,1,0.44141893833875656,0.8632623702287674,0.37155982851982117
605,Jordan Henderson,3,200,1,0.14095273613929749,0,0,3,1,1,0,MID,Liverpool,1,0.14095273613929749,1.9148235619068146,1.7738708555698395
606,Christian Benteke,3,265,1,1.5932513661682606,0,0,12,0,0,1,FWD,Crystal Palace,1,1.5932513661682606,1.3608601037412882,0
617,David Silva,3,202,1,0.6610169224441051,1,1.0270305499434471,6,3,0,0,MID,Manchester City,1,0.6610169224441051,3.179653227329254,1.7407496273517609
675,Jack Grealish,3,270,1,0.44533238001167774,0,0.775504108518362,10,6,0,0,FWD,Aston Villa,1,0.44533238001167774,1.315470963716507,0.28485987335443497
687,Pedro,3,92,1,0.7131183743476868,1,0.12176205962896347,4,2,0,0,FWD,Chelsea,1,0.7131183743476868,0.8725860118865967,0.09608530253171921
702,Tammy Abraham,3,36,1,0.9167250841856003,0,0,3,0,0,0,FWD,Chelsea,1,0.9167250841856003,0.8045268952846527,0
743,Dwight Gayle,3,224,1,0.5794703885912895,0,0,6,0,0,0,FWD,Newcastle United,1,0.5794703885912895,0.19563844054937363,0.0797884501516819
750,Riyad Mahrez,3,76,1,0.47229868173599243,0,0.0859634056687355,6,1,0,0,FWD,Manchester City,1,0.47229868173599243,1.0318835973739624,0.6391770839691162
757,Jeffrey Schlupp,3,177,1,0.6566392639651895,0,0,4,0,0,0,MID,Crystal Palace,1,0.6566392639651895,0.24467479530721903,0.13094981014728546
762,Demarai Gray,3,67,1,0.7238637804985046,0,0.21803417801856995,8,4,0,0,FWD,Leicester,1,0.7238637804985046,0.7780820280313492,0.05624449998140335
770,Ayoze Pérez,3,163,1,0.4770358055830002,0,0,6,0,0,0,FWD,Leicester,1,0.4770358055830002,0.8089966028928757,0.4318792298436165
771,Georginio Wijnaldum,3,244,1,0.15405093133449554,0,0.18013777770102024,4,5,0,0,MID,Liverpool,1,0.15405093133449554,1.7570745348930359,1.6828199625015259
833,Virgil van Dijk,3,270,1,0.6598670184612274,0,0,5,0,0,0,DEF,Liverpool,1,0.6598670184612274,1.404065579175949,1.404065579175949
966,Alex Oxlade-Chamberlain,3,139,1,0.2490700501948595,1,0.057411499321460724,4,1,0,0,FWD,Liverpool,1,0.2490700501948595,0.397494412958622,0.14842436835169792
1228,Bruno Fernandes,3,269,1,1.191811129450798,0,0.40587933361530304,9,5,1,0,MID,Manchester United,0,0.430679090321064,1.7313299626111984,1.2363098859786987
1304,Moise Kean,3,112,1,1.0759805776178837,0,0.32317861914634705,5,3,0,0,FWD,Everton,1,1.0759805776178837,1.4475868940353394,0.04842773638665676
1654,Ben Mee,3,270,1,0.01300058700144291,0,0.25402602553367615,1,1,0,0,DEF,Burnley,1,0.01300058700144291,0.25402602553367615,0.25402602553367615
1679,Dominic Solanke,3,156,1,0.7167596220970154,0,0.032008420675992966,5,1,0,0,FWD,Bournemouth,1,0.7167596220970154,0.7363443970680237,0
1791,Trent Alexander-Arnold,3,181,1,0.10429883003234863,1,0.8993607759475708,3,5,1,0,DEF,Liverpool,1,0.10429883003234863,0.9802771508693695,0.5352667719125748
2280,Jonny,3,157,1,0.12165074795484543,0,0.030117668211460114,1,1,0,0,MID,Wolverhampton Wanderers,1,0.12165074795484543,0.5268223285675049,0.40517160296440125
2498,Aymeric Laporte,3,256,1,0.5268639326095581,0,0,1,0,0,0,DEF,Manchester City,1,0.5268639326095581,1.7767463028430939,1.7767463028430939
2662,Christian Pulisic,3,195,1,0.881544403731823,2,1.3661094270646572,7,3,0,0,FWD,Chelsea,1,0.881544403731823,3.170456886291504,1.6220013797283173
3277,Alexandre Lacazette,3,212,1,0.6464864015579224,1,0.3615618646144867,1,1,1,0,FWD,Arsenal,1,0.6464864015579224,1.0080482959747314,0
3621,Neal Maupay,3,257,1,0.5103339403867722,1,0.6563404127955437,7,5,0,0,FWD,Brighton,1,0.5103339403867722,1.1257483810186386,0.2585466504096985
4068,Florin Andone,3,69,1,0.36459624767303467,0,0.058196283876895905,1,1,0,1,FWD,Brighton,1,0.36459624767303467,0.36459624767303467,0
4105,Raúl Jiménez,3,266,1,0.46546595729887486,0,0,7,0,0,0,FWD,Wolverhampton Wanderers,1,0.46546595729887486,0.704145411029458,0.2386794313788414
4918,Patrick Cutrone,3,9,1,0.15885131061077118,0,0,2,0,0,0,FWD,Wolverhampton Wanderers,1,0.15885131061077118,0.15885131061077118,0
5247,Naby Keita,3,185,1,0.15605819039046764,0,0,4,0,0,0,MID,Liverpool,1,0.15605819039046764,1.2619324624538422,1.105874314904213
5553,Declan Rice,3,270,1,0.1417767684906721,1,0.07681216206401587,8,3,0,0,MID,West Ham,1,0.1417767684906721,0.4950501620769501,0.3958913777023554
5609,Yves Bissouma,3,174,1,0.10871927812695503,0,0,2,0,1,0,MID,Brighton,1,0.10871927812695503,0.17359018325805664,0.08188939094543457
6026,Richarlison,3,255,1,0.23162250965833664,0,0,6,0,2,0,FWD,Everton,1,0.23162250965833664,0.654805850237608,0.5407353453338146
6055,Phil Foden,3,229,1,1.4093475714325905,0,0.3066595047712326,12,3,0,0,FWD,Manchester City,1,1.4093475714325905,2.7418638467788696,1.488469123840332
6274,Andriy Yarmolenko,3,48,1,0.05116705596446991,0,0,2,0,0,0,FWD,West Ham,1,0.05116705596446991,0.06891543418169022,0.05380036681890488
6492,Reiss Nelson,3,77,1,0.5233554095029831,0,0.04106910899281502,2,1,0,0,FWD,Arsenal,1,0.5233554095029831,0.5644245147705078,0.1617935448884964
6820,David Brooks,3,134,1,0.35968008637428284,0,0.38811928778886795,3,2,0,0,MID,Bournemouth,1,0.35968008637428284,0.7180939391255379,0.038879796862602234
7078,Sean Longstaff,3,77,1,0.555991031229496,0,0,4,0,0,0,MID,Newcastle United,1,0.555991031229496,0.9785796403884888,0.8589474409818649
7152,Björn Engels,3,222,1,0.5361856669187546,0,0.14336226508021355,3,2,0,0,DEF,Aston Villa,1,0.5361856669187546,0.6086439192295074,0.5555569380521774
7490,Mason Greenwood,3,236,1,0.3991411551833153,0,0.5633906126022339,5,4,0,0,MID,Manchester United,1,0.3991411551833153,1.145969271659851,0.30605481937527657
7708,John Lundstram,3,152,1,0.900315660983324,0,0.39232128858566284,3,1,0,0,MID,Sheffield United,1,0.900315660983324,1.4784822352230549,0.20195616409182549
7722,Trézéguet,3,246,1,0.18660320341587067,0,0.021080465987324715,5,1,0,0,FWD,Aston Villa,1,0.18660320341587067,0.324196832254529,0.17796577513217926
7724,Wesley,3,253,1,0.9330130815505981,0,0.08700522035360336,4,2,1,0,FWD,Aston Villa,1,0.9330130815505981,1.0794687010347843,0.09127424657344818
7726,Ezri Konsa Ngoyo,3,270,1,0.5413610339164734,0,0.06827114522457123,1,1,0,0,DEF,Aston Villa,1,0.5413610339164734,0.12495311349630356,0.12495311349630356
7768,Mason Mount,3,200,1,0.5537839233875275,1,0.6504359617829323,3,5,0,0,FWD,Chelsea,1,0.5537839233875275,1.1187684051692486,0.09150320291519165
7822,Dennis Srbeny,3,10,1,0.4821467623114586,0,0,2,0,0,0,FWD,Norwich,1,0.4821467623114586,0.4334107041358948,0
7991,Aaron Connolly,3,166,1,0.6319891754537821,0,0,6,0,0,0,FWD,Brighton,1,0.6319891754537821,0.654133016243577,0.022143850103020668
8089,Kieran Tierney,3,207,1,0.099477618932724,1,0.14529824256896973,2,1,0,0,DEF,Arsenal,1,0.099477618932724,0.771807074546814,0.5270312130451202
8288,Tomas Soucek,3,270,1,0.21626758575439453,0,0.015314771793782711,2,1,0,0,MID,West Ham,1,0.21626758575439453,0.2842397755011916,0.2158090090379119
8291,Daniel Podence,3,173,1,0.9225273877382278,0,0.36193373054265976,5,2,0,0,FWD,Wolverhampton Wanderers,1,0.9225273877382278,1.3929357379674911,0.13947685807943344
12,Mario Vrancic,3,92,0,0.14291025698184967,0,0,3,0,0,0,MID,Norwich,0,0.14291025698184967,0.3989088237285614,0.3082006126642227
47,Yoshinori Muto,3,101,0,0,0,0.014181027188897133,0,1,0,0,MID,Newcastle United,0,0,0.014181027188897133,0
62,Lukas Rupp,3,189,0,0,0,0.3235843777656555,0,2,0,0,MID,Norwich,0,0,0.6949207745492458,0.3713363967835903
76,Fabian Schär,3,270,0,0.011785185895860195,0,0.017766384407877922,1,1,1,0,DEF,Newcastle United,0,0.011785185895860195,0.6571460608392954,0.6275944951921701
87,Joelinton,3,70,0,0.10225067287683487,0,0.10418856330215931,2,2,0,0,FWD,Newcastle United,0,0.10225067287683487,0.1997757200151682,0.0961630567908287
101,Allan Saint-Maximin,3,218,0,0.12680403888225555,0,0.13706384599208832,6,3,0,0,FWD,Newcastle United,0,0.12680403888225555,0.42151128500699997,0.21840500086545944
111,Jannik Vestergaard,3,270,0,0.1069999411702156,0,0.028761019930243492,3,1,1,0,DEF,Southampton,0,0.1069999411702156,0.6599510088562965,0.6166046410799026
162,Timm Klose,3,231,0,0,0,0,0,0,0,0,DEF,Norwich,0,0,0.22260034084320068,0.22260034084320068
181,Bernd Leno,3,219,0,0,0,0,0,0,0,0,GK,Arsenal,0,0,0.15263203531503677,0.15263203531503677
200,Andreas Christensen,3,228,0,0,0,0,0,0,0,0,DEF,Chelsea,0,0,1.3009059242904186,1.3009059242904186
204,Granit Xhaka,3,221,0,0,0,0,0,0,2,0,MID,Arsenal,0,0,0.3548554368317127,0.3548554368317127
209,Josip Drmic,3,134,0,0.030554499477148056,0,0.6259735822677612,1,1,0,1,FWD,Norwich,0,0.030554499477148056,0.6565280556678772,0
239,Pascal Groß,3,153,0,0.03602094575762749,0,0.2178020030260086,2,4,1,0,FWD,Brighton,0,0.03602094575762749,0.09756243042647839,0
250,Ørjan Nyland,3,270,0,0,0,0,0,0,0,0,GK,Aston Villa,0,0,0.1695512905716896,0.1695512905716896
314,Ilkay Gündogan,3,153,0,0.09184440411627293,0,0,2,0,0,0,MID,Manchester City,0,0.09184440411627293,1.3988517001271248,1.3703538626432419
317,Henrikh Mkhitaryan,3,109,0,0.4295179098844528,0,0.2743019759654999,2,2,1,0,MID,Arsenal,0,0.4295179098844528,0.8670729100704193,0.29007071256637573
330,Ralf Fährmann,1,21,0,0,0,0,0,0,0,0,GK,Norwich,0,0,0,0
332,Joel Matip,3,166,0,0.12854540348052979,0,0,1,0,0,0,DEF,Liverpool,0,0.12854540348052979,0.3615405857563019,0.3615405857563019
337,Leroy Sané,1,6,0,0.09815926104784012,0,0,2,0,0,0,FWD,Manchester City,0,0.09815926104784012,0.17216940224170685,0.12103497982025146
338,Max Meyer,3,21,0,0,0,0.1133858747780323,0,3,0,0,FWD,Crystal Palace,0,0,0.20407316461205482,0.09068728983402252
342,Sead Kolasinac,3,121,0,0,0,0.05641248822212219,0,1,1,0,DEF,Arsenal,0,0,0.54543112590909,0.54543112590909
343,Pierre-Emile Højbjerg,3,116,0,0.6339626275002956,0,0.019865132868289948,5,1,0,0,DEF,Southampton,0,0.6339626275002956,1.32578694075346,0.984029047191143
456,Simon Francis,3,270,0,0,0,0.09015864133834839,0,1,2,0,DEF,Bournemouth,0,0,0.6966450493782759,0.6966450493782759
458,Steve Cook,3,270,0,0.11275115609169006,0,0,1,0,0,0,DEF,Bournemouth,0,0.11275115609169006,0.34846192598342896,0.34846192598342896
459,Charlie Daniels,2,126,0,0,0,0.14172236621379852,0,2,0,0,DEF,Bournemouth,0,0,0.4943442642688751,0.418497234582901
460,Andrew Surman,3,181,0,0.02773614227771759,0,0.04897062107920647,1,1,1,0,MID,Bournemouth,0,0.02773614227771759,0.536962628364563,0.4879920184612274
462,Dan Gosling,3,163,0,0.10510013066232204,0,0.6324756145477295,3,3,0,0,MID,Bournemouth,0,0.10510013066232204,0.7375757601112127,0
468,Callum Wilson,3,199,0,0.9112787544727325,1,0.36159169487655163,8,3,0,0,FWD,Bournemouth,0,0.9112787544727325,1.1801744624972343,0.06303377728909254
481,Jordon Ibe,2,39,0,0,0,0,0,0,0,0,FWD,Bournemouth,0,0,0.021998491138219833,0.021998491138219833
485,Mamadou Sakho,3,202,0,0,0,0,0,0,1,0,DEF,Crystal Palace,0,0,0.3941659890115261,0.3941659890115261
486,Adam Lallana,3,27,0,0.04945412650704384,0,0,2,0,0,0,FWD,Liverpool,0,0.04945412650704384,0.6290687024593353,0.5796145759522915
489,James Milner,3,117,0,0,0,0.03431030362844467,0,2,0,0,MID,Liverpool,0,0,0.373406246304512,0.3555704802274704
492,Héctor Bellerín,3,188,0,0.13976487144827843,0,0.317182756960392,2,2,0,0,MID,Arsenal,0,0.13976487144827843,1.0343852490186691,0.6363178193569183
495,Nacho Monreal,3,270,0,0.04398033022880554,0,0.45943301916122437,1,3,0,0,DEF,Arsenal,0,0.04398033022880554,0.6670906580984592,0.5824294127523899
500,Alex Iwobi,3,147,0,0.1595037318766117,0,0.18131421506404877,2,2,0,0,MID,Everton,0,0.1595037318766117,0.49490318447351456,0.22997072339057922
508,Calum Chambers,3,202,0,0.10353841166943312,1,0.9897381663322449,2,2,1,0,DEF,Arsenal,0,0.10353841166943312,0.18581543862819672,0.18581543862819672
509,Wayne Hennessey,3,270,0,0,0,0,0,0,0,0,GK,Crystal Palace,0,0,0.11491350084543228,0.11491350084543228
510,Joel Ward,3,270,0,0.03144660219550133,0,0.09780827909708023,1,1,0,0,DEF,Crystal Palace,0,0.03144660219550133,0.3021868169307709,0.17293193936347961
512,Scott Dann,3,270,0,0.08497537672519684,0,0.11984048876911402,3,2,0,0,DEF,Crystal Palace,0,0.08497537672519684,0.1788132982328534,0.1634632758796215
522,Wilfried Zaha,3,270,0,0.46355845779180527,0,0.09837497025728226,9,1,0,0,FWD,Crystal Palace,0,0.46355845779180527,0.7613784894347191,0.19944506883621216
524,Adrian Mariappa,3,175,0,0,0,0,0,0,1,0,DEF,Watford,0,0,1.128128558397293,1.128128558397293
525,Martin Kelly,3,245,0,0,0,0,0,0,0,0,DEF,Crystal Palace,0,0,0,0
527,Adrián,3,191,0,0,0,0,0,0,0,0,GK,Liverpool,0,0,0.770059198141098,0.770059198141098
528,Angelo Ogbonna,3,270,0,0.05082521587610245,0,0,1,0,0,0,DEF,West Ham,0,0.05082521587610245,0.2306065931916237,0.2306065931916237
530,James Tomkins,3,244,0,0.36827725172042847,0,0,1,0,2,0,DEF,Crystal Palace,0,0.36827725172042847,0.2156925667077303,0.2156925667077303
532,Cheikhou Kouyaté,3,230,0,0.03336787223815918,0,0,1,0,2,0,DEF,Crystal Palace,0,0.03336787223815918,0.10948927700519562,0.10948927700519562
533,Mark Noble,3,270,0,0,1,0.47094427794218063,0,11,0,0,MID,West Ham,0,0,0.489610455930233,0.231382648460567
534,Aaron Cresswell,3,257,0,0.0497649684548378,0,0.5003113150596619,1,3,0,0,DEF,West Ham,0,0.0497649684548378,0.6034564767032862,0.5087672863155603
535,Manuel Lanzini,3,151,0,0.30420760065317154,0,0.054772064089775085,3,2,1,0,MID,West Ham,0,0.30420760065317154,0.3436693325638771,0.18689505755901337
537,Andy Carroll,3,33,0,0.4883009195327759,0,0.015126693062484264,2,1,0,0,FWD,Newcastle United,0,0.4883009195327759,0.015126693062484264,0
540,Darren Randolph,2,180,0,0,0,0,0,0,0,0,GK,West Ham,0,0,0,0
546,David de Gea,3,270,0,0,0,0,0,0,0,0,GK,Manchester United,0,0,0.09511676896363497,0.09511676896363497
549,Timothy Fosu-Mensah,3,139,0,0.08578138053417206,0,0.12574833631515503,1,2,1,0,DEF,Manchester United,0,0.08578138053417206,0.6020888835191727,0.47990095615386963
550,Marcos Rojo,3,119,0,0.13206884264945984,0,0,1,0,1,0,DEF,Manchester United,0,0.13206884264945984,0.03241937234997749,0.03241937234997749
551,Morgan Schneiderlin,3,173,0,0.13090725243091583,0,0,1,0,1,0,MID,Everton,0,0.13090725243091583,0.6029746532440186,0.4720674157142639
554,Juan Mata,3,28,0,0,0,0.11447327584028244,0,1,0,0,FWD,Manchester United,0,0,0.46351809799671173,0.349044818431139
566,Sebastian Prödl,1,57,0,0.057957686483860016,0,0,2,0,0,0,DEF,Watford,0,0.057957686483860016,0,0
568,José Holebas,3,39,0,0,0,0,0,0,0,0,FWD,Watford,0,0,0,0
572,Etienne Capoue,3,240,0,0,1,0.27524545788764954,0,2,1,0,MID,Watford,0,0,0.27559708058834076,0.27559708058834076
573,Odion Ighalo,3,10,0,0.44897976517677307,0,0,1,0,0,0,FWD,Manchester United,0,0.44897976517677307,0.44897976517677307,0
579,Nathan Aké,3,219,0,0,0,0,0,0,0,0,DEF,Bournemouth,0,0,0,0
581,Craig Cathcart,3,223,0,0.10568256676197052,0,0,1,0,1,0,DEF,Watford,0,0.10568256676197052,0.013467739336192608,0.013467739336192608
585,Seamus Coleman,3,152,0,0.05373135209083557,0,0.016651740297675133,1,1,0,0,DEF,Everton,0,0.05373135209083557,1.1911528781056404,1.120769813656807
586,John Stones,3,120,0,0,0,0,0,0,0,0,DEF,Manchester City,0,0,0.2988673225045204,0.2988673225045204
587,Phil Jagielka,3,200,0,0,0,0,0,0,0,0,DEF,Sheffield United,0,0,0.09513126313686371,0.09513126313686371
588,Leighton Baines,3,66,0,0,0,0.11578018218278885,0,2,0,0,MID,Everton,0,0,0.17328360676765442,0.17328360676765442
589,James McCarthy,3,267,0,0.055053407326340675,0,0.12804502248764038,2,3,2,0,MID,Crystal Palace,0,0.055053407326340675,0.28973131999373436,0.23467791453003883
591,Gerard Deulofeu,3,213,0,0.22813745215535164,0,0.14888878539204597,6,2,0,0,MID,Watford,0,0.22813745215535164,0.4248219430446625,0.18857268244028091
592,Ross Barkley,3,101,0,0.10648876801133156,0,0.10292427986860275,3,2,0,0,MID,Chelsea,0,0.10648876801133156,0.5104501247406006,0.39467988908290863
593,Aaron Lennon,3,9,0,0,0,0,0,0,1,0,FWD,Burnley,0,0,0,0
596,Tom Cleverley,3,184,0,0.044851433485746384,0,0.04292362555861473,1,1,1,0,MID,Watford,0,0.044851433485746384,0.17888243496418,0.1340310126543045
599,Oumar Niasse,3,17,0,0,0,0,0,0,0,0,FWD,Everton,0,0,0.03237203508615494,0.03237203508615494
602,Dejan Lovren,3,144,0,0.012989270500838757,0,0,1,0,0,0,DEF,Liverpool,0,0.012989270500838757,0.5152318105101585,0.5152318105101585
610,Pablo Zabaleta,3,209,0,0,0,0.5264657139778137,0,2,1,0,DEF,West Ham,0,0,1.0492486953735352,1.0492486953735352
611,Nicolás Otamendi,3,188,0,0.027196379378437996,0,0,1,0,0,0,DEF,Manchester City,0,0.027196379378437996,1.0107596665620804,1.0107596665620804
614,Fernandinho,3,147,0,0.21414253860712051,0,0,3,0,0,0,MID,Manchester City,0,0.21414253860712051,2.3654040694236755,2.3654040694236755
619,Sergio Agüero,3,116,0,0.6084352061152458,0,0,4,0,0,0,FWD,Manchester City,0,0.6084352061152458,0.7628901600837708,0.1777663379907608
620,Kelechi Iheanacho,3,140,0,0.3356028273701668,0,0.09092065505683422,6,2,0,0,FWD,Leicester,0,0.3356028273701668,0.7064778506755829,0.30268552526831627
624,Willy Caballero,3,270,0,0,0,0,0,0,0,0,GK,Chelsea,0,0,0.06673698872327805,0.06673698872327805
631,Ashley Young,3,181,0,0,0,0.11668697744607925,0,1,0,0,DEF,Manchester United,0,0,1.127226561307907,1.0105395764112473
633,James McArthur,3,238,0,0.08728684484958649,0,0.27313508093357086,1,6,0,0,MID,Crystal Palace,0,0.08728684484958649,0.4962231442332268,0.4224223271012306
635,Alex McCarthy,3,270,0,0,0,0,0,0,0,0,GK,Southampton,0,0,0.08275072649121284,0.08275072649121284
637,Hugo Lloris,3,270,0,0,0,0,0,0,0,0,GK,Tottenham,0,0,0.08296632766723633,0.08296632766723633
638,Kyle Walker,3,204,0,0,2,0.21377543359994888,0,3,0,0,DEF,Manchester City,0,0,1.4806584566831589,1.2969236820936203
639,Toby Alderweireld,3,270,0,0.05619802698493004,0,0,2,0,2,0,DEF,Tottenham,0,0.05619802698493004,0.8070908337831497,0.8070908337831497
640,Jan Vertonghen,3,92,0,0,0,0,0,0,0,0,DEF,Tottenham,0,0,0.22592414915561676,0.22592414915561676
641,Danny Rose,3,250,0,0,0,0.04626389220356941,0,1,1,0,DEF,Newcastle United,0,0,0.016650095582008362,0.016650095582008362
643,Eric Dier,3,270,0,0.12403708696365356,0,0.06217866390943527,2,1,1,0,DEF,Tottenham,0,0.12403708696365356,0.24952391535043716,0.24952391535043716
644,Erik Lamela,3,35,0,0.2750827670097351,0,0,1,0,0,0,FWD,Tottenham,0,0.2750827670097351,0.2750827670097351,0.2750827670097351
645,Dele Alli,3,86,0,0.07213424146175385,0,0.02515561319887638,2,1,0,0,MID,Tottenham,0,0.07213424146175385,0.7375301867723465,0.665395949035883
646,Christian Eriksen,3,114,0,0.1488310992717743,0,0.22291966900229454,3,5,0,0,MID,Tottenham,0,0.1488310992717743,0.4198281839489937,0.17907030694186687
660,Ben Davies,3,270,0,0.06481684744358063,0,0.06896735727787018,1,1,1,0,DEF,Tottenham,0,0.06481684744358063,0.771612673997879,0.7067958265542984
667,Carlos Sánchez,3,98,0,0,0,0,0,0,0,0,MID,West Ham,0,0,0.17284543067216873,0.17284543067216873
669,Ashley Westwood,3,270,0,0,0,0.6362372320145369,0,9,0,0,MID,Burnley,0,0,1.1812208592891693,1.141322299838066
672,Jordan Ayew,3,270,0,0.37892699241638184,1,0.5973794534802437,5,5,0,0,FWD,Crystal Palace,0,0.37892699241638184,0.5300866514444351,0.2633368708193302
681,César Azpilicueta,3,270,0,0.15380758419632912,0,0.7284028939902782,4,5,1,0,DEF,Chelsea,0,0.15380758419632912,3.1041165590286255,2.3444132208824158
688,Ruben Loftus-Cheek,3,81,0,0.012711236253380775,0,0,1,0,0,0,MID,Chelsea,0,0.012711236253380775,0.0589761957526207,0.04626495763659477
697,Nemanja Matic,3,203,0,0,0,0.020940927788615227,0,1,0,0,MID,Manchester United,0,0,1.1249279081821442,1.1249279081821442
699,Gary Cahill,3,187,0,0.20345789939165115,0,0,4,0,0,0,DEF,Crystal Palace,0,0.20345789939165115,0.32364088855683804,0.30487582087516785
700,Willian,3,242,0,0.4845006763935089,0,0.5372750833630562,3,9,0,0,FWD,Chelsea,0,0.4845006763935089,1.8795055747032166,1.4163565337657928
703,Fikayo Tomori,3,219,0,0.23168885707855225,0,0,2,0,1,0,DEF,Chelsea,0,0.23168885707855225,0.19266007840633392,0.14895090460777283
706,Lukasz Fabianski,3,270,0,0,0,0,0,0,0,0,GK,West Ham,0,0,0.028969408944249153,0.028969408944249153
708,Federico Fernández,3,270,0,0.026101231575012207,0,0,1,0,2,0,DEF,Newcastle United,0,0.026101231575012207,0.5392504557967186,0.5392504557967186
710,Neil Taylor,3,216,0,0,0,0.32232335209846497,0,2,0,0,DEF,Aston Villa,0,0,0.3978997580707073,0.10839084163308144
712,Jack Cork,3,251,0,0,0,0,0,0,0,0,MID,Burnley,0,0,0.25402602553367615,0.25402602553367615
714,Gylfi Sigurdsson,3,195,0,0.04342161677777767,1,0.1739552617073059,2,4,0,0,MID,Everton,0,0.04342161677777767,1.357541173696518,1.183306410908699
723,Ki Sung-yueng,3,137,0,0,0,0.05511658266186714,0,2,0,0,MID,Newcastle United,0,0,0.04251881316304207,0
727,DeAndre Yedlin,3,163,0,0,0,0.03338164836168289,0,2,0,0,DEF,Newcastle United,0,0,0.12728679925203323,0.09390514716506004
730,Patrick van Aanholt,3,268,0,0.42010802030563354,1,0.969366442412138,5,4,0,0,DEF,Crystal Palace,0,0.42010802030563354,1.792605772614479,1.5693378150463104
733,Jack Rodwell,1,13,0,0,0,0,0,0,0,0,FWD,Sheffield United,0,0,0,0
741,Jordan Pickford,3,270,0,0,0,0.03647874668240547,0,1,0,0,GK,Everton,0,0,0.20990539714694023,0.20990539714694023
745,Kasper Schmeichel,3,270,0,0,0,0.007464701309800148,0,1,0,0,GK,Leicester,0,0,0.19978533685207367,0.19978533685207367
748,Wes Morgan,3,270,0,0.09436973184347153,0,0,2,0,0,0,DEF,Leicester,0,0.09436973184347153,0.5516633242368698,0.5516633242368698
749,Christian Fuchs,3,129,0,0,0,0,0,0,0,0,MID,Leicester,0,0,0.9853480011224747,0.9853480011224747
751,N&#039;Golo Kanté,3,261,0,0.032538061030209064,0,0.01715581677854061,2,1,0,0,MID,Chelsea,0,0.032538061030209064,1.0325279980897903,1.018332615494728
752,Daniel Drinkwater,3,191,0,0.09826851636171341,0,0.040286142379045486,2,1,1,0,MID,Aston Villa,0,0.09826851636171341,0.7959399521350861,0.6976714357733727
753,Marc Albrighton,3,154,0,0.01776781678199768,0,0.0820755735039711,1,2,0,0,MID,Leicester,0,0.01776781678199768,0.4246191382408142,0.37880856543779373
755,Jamie Vardy,3,270,0,1.4933078736066818,1,1.9077917337417603,12,5,1,0,FWD,Leicester,0,1.4933078736066818,3.2767576575279236,0.1753743588924408
764,Daryl Janmaat,3,256,0,0.11769122630357742,0,0.04351761192083359,1,2,1,0,DEF,Watford,0,0.11769122630357742,0.3126397915184498,0.2848853450268507
766,Jamaal Lascelles,3,270,0,0.10416624695062637,0,0,1,0,1,0,DEF,Newcastle United,0,0.10416624695062637,0.9072408229112625,0.9072408229112625
769,Jonjo Shelvey,3,270,0,0.5095870792865753,1,0.44923480972647667,7,6,1,0,MID,Newcastle United,0,0.5095870792865753,0.7700552120804787,0.20324034243822098
772,Moussa Sissoko,3,262,0,0,0,0.062265198677778244,0,1,0,0,MID,Tottenham,0,0,0.229916051030159,0.16765085607767105
775,Andros Townsend,3,270,0,0.12207266688346863,0,0.10280615836381912,4,2,0,0,MID,Crystal Palace,0,0.12207266688346863,0.28524767607450485,0.22173218429088593
782,Ben Chilwell,3,229,0,0.12059056013822556,0,0.48887619376182556,2,4,1,0,DEF,Leicester,0,0.12059056013822556,0.6455278694629669,0.5091823190450668
787,Ryan Bennett,3,214,0,0,0,0,0,0,0,0,DEF,Leicester,0,0,1.2473203614354134,1.2473203614354134
789,Robbie Brady,3,39,0,0.1575612910091877,0,0.08049096167087555,4,1,0,0,FWD,Burnley,0,0.1575612910091877,0.6254556328058243,0.48947980999946594
790,Nathan Redmond,3,270,0,0.6007091328501701,2,0.38838136196136475,5,4,0,0,MID,Southampton,0,0.6007091328501701,1.884167805314064,1.1840746328234673
791,Alexander Tettey,3,262,0,0.05465800315141678,0,0,1,0,0,0,MID,Norwich,0,0.05465800315141678,0.3817954305559397,0.3817954305559397
803,Ben Foster,3,270,0,0,0,0,0,0,0,0,GK,Watford,0,0,0.04292362555861473,0.04292362555861473
804,Craig Dawson,3,270,0,0.13192060962319374,0,0,3,0,1,0,DEF,Watford,0,0.13192060962319374,1.2191821187734604,1.1280747381970286
807,Jonny Evans,3,270,0,0,0,0.0722363069653511,0,2,3,1,DEF,Leicester,0,0,1.5258718430995941,1.4887044727802277
825,Adam Smith,3,234,0,0,0,0,0,0,0,0,DEF,Bournemouth,0,0,0,0
835,Ryan Bertrand,3,270,0,0.03288521617650986,0,0.0874314233660698,1,1,0,0,DEF,Southampton,0,0.03288521617650986,0.6498679406940937,0.6498679406940937
836,Victor Wanyama,2,21,0,0,0,0,0,0,1,0,FWD,Tottenham,0,0,0.12857069075107574,0.12857069075107574
839,Shane Long,3,93,0,0.06989772617816925,0,0,1,0,0,0,FWD,Southampton,0,0.06989772617816925,0.15683193504810333,0.08693420886993408
842,Oriol Romeu,3,218,0,0.07144499570131302,0,0.6361186802387238,4,5,1,0,MID,Southampton,0,0.07144499570131302,0.8114250600337982,0.4429875332862139
843,James Ward-Prowse,3,270,0,0.43819278478622437,0,0.5138727575540543,6,8,1,0,MID,Southampton,0,0.43819278478622437,1.6457924842834473,1.177987389266491
844,Jay Rodriguez,3,225,0,1.3169230669736862,0,0.02525482513010502,12,1,0,0,FWD,Burnley,0,1.3169230669736862,0.6724112629890442,0.039165496826171875
845,Maya Yoshida,3,184,0,0,0,0.07044664770364761,0,1,0,0,DEF,Southampton,0,0,0.20430273562669754,0.13385608792304993
847,Cédric Soares,3,164,0,0,0,0.040556181222200394,0,1,0,0,MID,Arsenal,0,0,0.035457540303468704,0.035457540303468704
853,Paul Dummett,3,192,0,0,0,0.1853247433900833,0,3,0,0,DEF,Newcastle United,0,0,0.2184162773191929,0.10537290200591087
857,Phil Bardsley,3,270,0,0.03438254073262215,0,0.512196633964777,2,3,1,0,DEF,Burnley,0,0.03438254073262215,1.208593174815178,0.7823242098093033
875,Ciaran Clark,3,245,0,0.3494037687778473,0,0,1,0,1,0,DEF,Newcastle United,0,0.3494037687778473,0.47533298656344414,0.47533298656344414
876,Fabian Delph,3,252,0,0.014369050972163677,0,0.2795376479625702,1,2,0,1,MID,Everton,0,0.014369050972163677,2.3030216991901398,2.2200423181056976
882,Glenn Murray,3,76,0,0.19686861336231232,1,0.06426852941513062,3,1,0,0,FWD,Brighton,0,0.19686861336231232,0.26113712787628174,0
884,Matt Targett,3,270,0,0,0,0.06131867319345474,0,2,1,0,DEF,Aston Villa,0,0,0.3718821406364441,0.31056347489356995
885,Kyle Walker-Peters,3,221,0,0.031307581812143326,0,0.27924174070358276,1,2,0,0,DEF,Southampton,0,0.031307581812143326,1.0145877823233604,0.7353460565209389
887,Erik Pieters,3,270,0,0.10110827535390854,1,0.49687182903289795,3,4,1,0,DEF,Burnley,0,0.10110827535390854,1.4079992771148682,1.206948459148407
888,Xherdan Shaqiri,3,77,0,0.05228467658162117,0,0.059102609753608704,1,1,0,0,MID,Liverpool,0,0.05228467658162117,0.15596270561218262,0.044575419276952744
900,Adama Traoré,3,213,0,0.33811941742897034,0,0.34824299812316895,3,5,1,0,FWD,Wolverhampton Wanderers,0,0.33811941742897034,0.8313610851764679,0.1449986845254898
902,Sam Byram,3,206,0,0.6812039017677307,0,0.1411527544260025,4,2,0,0,DEF,Norwich,0,0.6812039017677307,0.1411527544260025,0
908,Muhamed Besic,3,109,0,0.0559544563293457,0,0,2,0,2,0,MID,Sheffield United,0,0.0559544563293457,0.6260317414999008,0.5861145853996277
914,Nabil Bentaleb,3,232,0,0.027456818148493767,0,0.023502960801124573,2,1,0,0,MID,Newcastle United,0,0.027456818148493767,0.5377017855644226,0.4975045323371887
922,Andreas Pereira,3,38,0,0,0,0.07882040739059448,0,1,0,0,FWD,Manchester United,0,0,0.07882040739059448,0
925,Patrick Roberts,3,19,0,0,0,0,0,0,0,0,FWD,Norwich,0,0,0,0
934,Axel Tuanzebe,3,95,0,0,0,0,0,0,0,0,DEF,Manchester United,0,0,0.0969957634806633,0.0969957634806633
935,Kurt Zouma,3,270,0,0.0716678723692894,0,0,1,0,1,0,DEF,Chelsea,0,0.0716678723692894,1.8954056799411774,1.8954056799411774
951,Phil Jones,2,137,0,0.11484574526548386,0,0,2,0,0,0,DEF,Manchester United,0,0.11484574526548386,0.35416632518172264,0.35416632518172264
971,Harry Winks,3,270,0,0.02076527290046215,0,0.08296632766723633,1,1,0,0,MID,Tottenham,0,0.02076527290046215,0.7275611013174057,0.7067958265542984
973,Paulo Gazzaniga,3,270,0,0,0,0,0,0,0,0,GK,Tottenham,0,0,0.12177979946136475,0.12177979946136475
982,Tim Krul,3,270,0,0,0,0,0,0,0,0,GK,Norwich,0,0,0.030022645369172096,0.030022645369172096
985,Mason Holgate,3,140,0,0,0,0,0,0,1,0,DEF,Everton,0,0,0.11641642451286316,0.11641642451286316
987,Joseph Gomez,3,270,0,0,0,0.041912052780389786,0,1,1,0,DEF,Liverpool,0,0,1.1793397963047028,1.1374277472496033
1006,Luke Shaw,3,258,0,0.3273594081401825,0,0.4906742498278618,2,2,0,0,DEF,Manchester United,0,0.3273594081401825,1.6769269779324532,1.2967219352722168
1017,Matej Vydra,3,51,0,0.38740336894989014,0,0.4480898976325989,1,1,0,0,FWD,Burnley,0,0.38740336894989014,1.041506439447403,0.20601319521665573
1024,Tyrone Mings,3,270,0,0,1,0.0387292206287384,0,1,0,0,DEF,Aston Villa,0,0,0.1581866219639778,0.1581866219639778
1036,Jack Wilshere,3,53,0,0,0,0,0,0,0,0,FWD,West Ham,0,0,0.5077891945838928,0.5077891945838928
1040,Angelino,3,270,0,0.20923293381929398,0,1.0383646488189697,5,6,0,0,DEF,Manchester City,0,0.20923293381929398,1.5852544903755188,1.1911540627479553
1042,Tom Davies,3,238,0,0.016651740297675133,0,0,1,0,1,0,MID,Everton,0,0.016651740297675133,1.3561659008264542,1.3395141661167145
1053,Keinan Davis,3,58,0,0.29988622292876244,0,0.01656249910593033,2,1,0,0,FWD,Aston Villa,0,0.29988622292876244,0.763645201921463,0.4637589827179909
1208,Felipe Anderson,3,84,0,0.015571894124150276,0,0.12086856365203857,1,1,0,0,MID,West Ham,0,0.015571894124150276,0.07996387034654617,0.07996387034654617
1217,Moritz Leitner,3,229,0,0.10050258971750736,0,0.03658605366945267,3,2,0,0,MID,Norwich,0,0.10050258971750736,0.6402280442416668,0.519558247178793
1227,Lucas Torreira,3,121,0,0.008898320607841015,0,0,1,0,2,0,MID,Arsenal,0,0.008898320607841015,0.1617935448884964,0.1617935448884964
1234,Dennis Praet,3,70,0,0.027491748332977295,0,0.15238428115844727,2,2,0,0,FWD,Leicester,0,0.027491748332977295,0.2922137603163719,0.12489608861505985
1245,Emerson,3,101,0,0.07566147297620773,0,0.29929786920547485,2,5,2,0,DEF,Chelsea,0,0.07566147297620773,1.483361005783081,1.3437246680259705
1250,Mohamed Salah,3,189,0,1.3045191317796707,1,0.1468897983431816,10,2,0,0,FWD,Liverpool,0,1.3045191317796707,1.738696038722992,0.5860186517238617
1257,Alisson,3,270,0,0,0,0,0,0,0,0,GK,Liverpool,0,0,0.24970918893814087,0.24970918893814087
1374,José Reina,3,270,0,0,0,0,0,0,0,0,GK,Aston Villa,0,0,0.389759948477149,0.389759948477149
1389,Jorginho,3,270,0,0,0,0.02194082923233509,0,1,0,0,MID,Chelsea,0,0,2.665128394961357,2.643187567591667
1441,Adam Masina,3,140,0,0.42970332503318787,0,0.0944613441824913,2,2,0,0,DEF,Watford,0,0.42970332503318787,1.0124506913125515,0.4882860481739044
1545,Emil Krafth,3,188,0,0.014453494921326637,0,0,1,0,0,0,DEF,Newcastle United,0,0.014453494921326637,0.420199828222394,0.40574633330106735
1621,Marcos Alonso,3,263,0,0.4478043392300606,0,0.6794085502624512,5,5,0,0,DEF,Chelsea,0,0.4478043392300606,2.896436482667923,2.004509747028351
1651,Tom Heaton,3,267,0,0,0,0,0,0,0,0,GK,Aston Villa,0,0,0,0
1652,Matthew Lowton,3,270,0,0,0,0,0,0,0,0,DEF,Burnley,0,0,0.6463708877563477,0.6463708877563477
1653,Michael Keane,3,270,0,0.0791093185544014,0,0,1,0,1,0,DEF,Everton,0,0.0791093185544014,1.4449369013309479,1.4449369013309479
1660,Andre Gray,3,25,0,0,0,0,0,0,0,0,FWD,Watford,0,0,0,0
1663,Johann Berg Gudmundsson,3,205,0,0.042570434510707855,1,0.23938369750976562,1,4,0,0,MID,Burnley,0,0.042570434510707855,0.8423524647951126,0.684905044734478
1665,James Tarkowski,3,270,0,0.13720688596367836,0,0.10579063463956118,2,2,0,0,DEF,Burnley,0,0.13720688596367836,1.2457477748394012,1.1399571001529694
1676,David Luiz,3,243,0,0.03744661062955856,0,0,1,0,0,0,DEF,Arsenal,0,0.03744661062955856,0.09919583797454834,0.09919583797454834
1677,Nathaniel Chalobah,3,25,0,0,0,0.46110185980796814,0,1,0,0,FWD,Watford,0,0,0.10161151736974716,0.10161151736974716
1678,Michy Batshuayi,3,97,0,0.7500814497470856,0,0,3,0,0,0,FWD,Chelsea,0,0.7500814497470856,0.8519570082426071,0.10187555849552155
1683,Ryan Fraser,3,199,0,0.32396596670150757,1,0.24100622534751892,2,4,0,0,FWD,Bournemouth,0,0.32396596670150757,2.1479867696762085,1.7499457597732544
1685,Ahmed Elmohamady,3,204,0,0,0,0.8086903467774391,0,7,1,0,DEF,Aston Villa,0,0,1.18613351136446,0.521904706954956
1687,Harry Maguire,3,270,0,0.288915753364563,0,0.028825092129409313,3,2,2,0,DEF,Manchester United,0,0.288915753364563,1.0407511293888092,1.0277085602283478
1688,Andrew Robertson,3,270,0,0.1984521895647049,3,1.4879451133310795,3,11,0,0,DEF,Liverpool,0,0.1984521895647049,2.4828322529792786,2.08047679066658
1691,Robert Snodgrass,3,95,0,0,1,0.019879702478647232,0,1,0,0,MID,West Ham,0,0,0.08711265027523041,0.08711265027523041
1699,Shkodran Mustafi,3,270,0,0.10582163278013468,0,0,3,0,1,0,DEF,Arsenal,0,0.10582163278013468,0.5128140263259411,0.5128140263259411
1701,Borja Bastón,2,9,0,0,0,0,0,0,0,0,FWD,Aston Villa,0,0,0,0
1719,Javier Manquillo,3,270,0,0,0,0,0,0,1,0,DEF,Newcastle United,0,0,0.08093110658228397,0.08093110658228397
1723,Roberto Pereyra,3,183,0,0.4463596045970917,0,0.03376704826951027,2,2,1,0,MID,Watford,0,0.4463596045970917,0.7707411646842957,0.3714520335197449
1724,Isaac Success,3,24,0,0,0,0,0,0,1,0,FWD,Watford,0,0,0.02132098376750946,0.02132098376750946
1725,Christian Kabasele,3,270,0,0.0592106357216835,0,0,1,0,0,0,DEF,Watford,0,0.0592106357216835,0.7794592827558517,0.7794592827558517
1726,Abdoulaye Doucouré,3,245,0,0.3594218045473099,0,0.4614808885380626,3,3,0,0,MID,Watford,0,0.3594218045473099,1.1546980142593384,0.8288012742996216
1729,Georges-Kévin Nkoudou,1,1,0,0.056358423084020615,0,0,1,0,0,0,FWD,Tottenham,0,0.056358423084020615,0.056358423084020615,0
1731,Claudio Bravo,3,257,0,0,0,0,0,0,0,0,GK,Manchester City,0,0,0.5990626290440559,0.5990626290440559
1734,Sofiane Boufal,3,146,0,0.03398045897483826,0,0.25206439197063446,1,3,0,0,MID,Southampton,0,0.03398045897483826,0.4395778477191925,0.19505652785301208
1735,Jack Stephens,3,270,0,0,0,0,0,0,1,0,DEF,Southampton,0,0,0.5803508646786213,0.5803508646786213
1736,Oliver McBurnie,3,206,0,0.17417071759700775,0,0,2,0,0,0,FWD,Sheffield United,0,0.17417071759700775,0.5574624761939049,0.38329175114631653
1739,Eric Bailly,3,52,0,0,0,0,0,0,0,0,FWD,Manchester United,0,0,0.518024755641818,0.518024755641818
1740,Paul Pogba,3,270,0,0.027777557261288166,0,0.08249767124652863,2,1,1,0,MID,Manchester United,0,0.027777557261288166,0.5948445796966553,0.5822254866361618
1746,Jeff Hendrick,3,270,0,0.2705382704734802,0,0.08662247471511364,3,3,2,0,MID,Burnley,0,0.2705382704734802,0.8332533165812492,0.5336735844612122
1747,Kevin Long,3,270,0,0.1059900475665927,0,0,2,0,0,0,DEF,Burnley,0,0.1059900475665927,0.8505858778953552,0.75757896900177
1748,Lys Mousset,3,106,0,0.48410099744796753,0,0,2,0,0,0,FWD,Sheffield United,0,0.48410099744796753,0.48410099744796753,0
1749,Rob Holding,3,270,0,0.1093563660979271,0,0,2,0,1,0,DEF,Arsenal,0,0.1093563660979271,0.09386604651808739,0.09386604651808739
1750,Ainsley Maitland-Niles,3,103,0,0.10076391696929932,0,0.19468456506729126,1,2,0,0,DEF,Arsenal,0,0.10076391696929932,0.42016181349754333,0.3872707784175873
1760,Arthur Masuaku,3,107,0,0,0,0,0,0,2,0,DEF,West Ham,0,0,0.00976092554628849,0.00976092554628849
1776,Jarrod Bowen,3,223,0,0.13257967308163643,1,0.19866203516721725,4,2,0,0,MID,West Ham,0,0.13257967308163643,0.28041649609804153,0
1785,Nampalys Mendy,3,98,0,0,0,0.014933389611542225,0,1,0,0,MID,Leicester,0,0,0.2355031780898571,0.2355031780898571
1789,Lewis Cook,3,41,0,0,0,0.06460952758789062,0,1,1,0,FWD,Bournemouth,0,0,0.10348932445049286,0.038879796862602234
1822,Antonio Rüdiger,3,270,0,0.08698051422834396,0,0.05704659968614578,1,1,0,0,DEF,Chelsea,0,0.08698051422834396,2.1982936561107635,2.1982936561107635
1823,Lucas Digne,3,254,0,0.09213835000991821,0,0.218524057418108,1,3,1,0,DEF,Everton,0,0.09213835000991821,0.6206834316253662,0.3100210502743721
1883,Ravel Morrison,1,11,0,0.02669377438724041,0,0,1,0,0,0,FWD,Sheffield United,0,0.02669377438724041,0,0
1950,Martín Montoya,3,170,0,0,0,0,0,0,0,0,DEF,Brighton,0,0,0.031237507238984108,0.031237507238984108
2132,Jota,3,63,0,0.177987951785326,0,0,3,0,0,0,MID,Aston Villa,0,0.177987951785326,0.11569418758153915,0
2182,Jefferson Lerma,3,264,0,0.19024092704057693,0,0.011985364370048046,3,1,0,0,MID,Bournemouth,0,0.19024092704057693,1.0433564111590385,0.9759477861225605
2190,Vicente Guaita,3,270,0,0,0,0,0,0,0,0,GK,Crystal Palace,0,0,0,0
2203,Emiliano Buendía,3,123,0,0.02631685510277748,0,0.17659427411854267,2,3,1,1,MID,Norwich,0,0.02631685510277748,0.336649626493454,0.3103327751159668
2254,Mateo Kovacic,3,270,0,0,0,0,0,0,1,0,MID,Chelsea,0,0,1.0486983805894852,1.0486983805894852
2335,Pablo Fornals,3,236,0,0,0,0,0,0,0,0,MID,West Ham,0,0,0.23714478313922882,0.23714478313922882
2344,Christian Atsu,3,130,0,0,0,0,0,0,1,0,MID,Newcastle United,0,0,0.026228606700897217,0.026228606700897217
2379,João Cancelo,3,228,0,0.2709262780845165,0,0.41673930641263723,5,4,1,0,DEF,Manchester City,0,0.2709262780845165,2.848221778869629,2.396866500377655
2383,André Gomes,3,270,0,0.023026209324598312,1,0.731939971446991,1,4,0,0,MID,Everton,0,0.023026209324598312,2.0230023711919785,1.4057569727301598
2385,Mat Ryan,3,270,0,0,0,0,0,0,0,0,GK,Brighton,0,0,0.1074229571968317,0.1074229571968317
2390,Víctor Camarasa,1,3,0,0,0,0,0,0,0,0,FWD,Crystal Palace,0,0,0.06537716835737228,0.06537716835737228
2446,Dani Ceballos,3,198,0,0.040556181222200394,0,0.1471088556572795,1,3,1,0,MID,Arsenal,0,0.040556181222200394,0.19206343591213226,0.09129952639341354
2496,Rodri,3,159,0,0.02933325432240963,0,0.12061702087521553,2,3,0,0,MID,Manchester City,0,0.02933325432240963,1.3089721500873566,1.1990731358528137
2509,Dimitri Foulquier,3,52,0,0,0,0,0,0,0,0,MID,Watford,0,0,0,0
2673,Albian Ajeti,3,24,0,0.20235168375074863,0,0,3,0,0,0,FWD,West Ham,0,0.20235168375074863,0.23458811081945896,0.032236430794000626
2958,Oleksandr Zinchenko,3,59,0,0,0,0.24933651089668274,0,2,0,0,FWD,Manchester City,0,0,0.7585725635290146,0.7585725635290146
3203,Issa Diop,3,270,0,0.024830065667629242,0,0.02659166418015957,1,1,0,0,DEF,West Ham,0,0.024830065667629242,0.6295565571635962,0.6295565571635962
3253,Frederic Guilbert,3,235,0,0.12741952016949654,0,0.08917674422264099,2,1,0,0,DEF,Aston Villa,0,0.12741952016949654,0.21856186166405678,0.07023674249649048
3293,Lucas Moura,3,230,0,0.19661958515644073,2,0.5063371285796165,3,4,1,0,FWD,Tottenham,0,0.19661958515644073,0.8331862837076187,0.5970477312803268
3303,Ricardo Pereira,3,270,0,0.08220702409744263,0,0.5419194400310516,2,5,0,0,DEF,Leicester,0,0.08220702409744263,0.7572352886199951,0.5384572818875313
3357,Djibril Sidibe,3,158,0,0.03567410260438919,0,0.12071122229099274,1,1,0,0,DEF,Everton,0,0.03567410260438919,0.3175492137670517,0.19683799892663956
3358,Ibrahim Amadou,3,161,0,0.11694632656872272,0,0.050286222249269485,4,1,0,0,MID,Norwich,0,0.11694632656872272,0.27682656049728394,0.18135403096675873
3389,Benjamin Mendy,3,235,0,0.08479538559913635,0,0.2277534157037735,2,3,1,0,DEF,Manchester City,0,0.08479538559913635,1.6000954508781433,1.4292373657226562
3420,Fabinho,3,270,0,0.026051729917526245,1,0.01332132425159216,1,1,0,0,MID,Liverpool,0,0.026051729917526245,1.496156483888626,1.496156483888626
3422,João Moutinho,3,206,0,0,0,0.7405894324183464,0,5,0,0,MID,Wolverhampton Wanderers,0,0,1.282677784562111,1.2412553280591965
3491,Romain Saiss,3,270,0,0.5794121623039246,0,0.049271151423454285,1,1,0,0,DEF,Wolverhampton Wanderers,0,0.5794121623039246,0.22141721099615097,0.17214605957269669
3600,Serge Aurier,3,270,0,0,0,0,0,0,0,0,DEF,Tottenham,0,0,0.6852304935455322,0.6852304935455322
3635,Bernardo Silva,3,140,0,0.2047600820660591,0,0.29967351257801056,2,6,0,0,MID,Manchester City,0,0.2047600820660591,1.3068011105060577,0.9707340598106384
3873,Ezequiel Schelotto,3,227,0,0.17520744912326336,0,0,3,0,1,0,DEF,Brighton,0,0.17520744912326336,0.2219748441129923,0.046767398715019226
4401,Emiliano Martinez,3,270,0,0,0,0,0,0,1,0,GK,Arsenal,0,0,0.2612711787223816,0.2612711787223816
4422,Ashley Barnes,3,134,0,0.06747669167816639,0,0.023986108601093292,2,1,0,0,FWD,Burnley,0,0.06747669167816639,0.09146280400454998,0
4441,Matthew James,1,3,0,0,0,0,0,0,0,0,FWD,Leicester,0,0,0,0
4475,Jed Steer,1,7,0,0,0,0,0,0,0,0,GK,Aston Villa,0,0,0,0
4476,Callum Robinson,3,92,0,0,0,0.48462504148483276,0,2,0,0,FWD,Sheffield United,0,0,0.5254015624523163,0.04077652469277382
4764,Jean-Philippe Gbamin,2,135,0,0,0,0,0,0,0,0,MID,Everton,0,0,0,0
5043,Kiko Femenía,3,226,0,0.009346338920295238,0,0.21543871983885765,1,4,0,0,DEF,Watford,0,0.009346338920295238,0.5413354784250259,0.44656966626644135
5061,Kepa,3,270,0,0,0,0,0,0,0,0,GK,Chelsea,0,0,0.40918267518281937,0.40918267518281937
5065,Diego Rico,3,270,0,0.04399378504604101,1,0.39232224225997925,2,7,0,0,DEF,Bournemouth,0,0.04399378504604101,0.48429691325873137,0.3673168495297432
5087,Roberto Jiménez,3,270,0,0,0,0,0,0,0,0,GK,West Ham,0,0,0.08869319409132004,0.08869319409132004
5234,Jesús Vallejo,2,163,0,0,0,0,0,0,1,0,DEF,Wolverhampton Wanderers,0,0,0.05839471146464348,0.05839471146464348
5240,Ondrej Duda,3,150,0,0.10373661294579506,0,0.015105057507753372,2,1,0,0,MID,Norwich,0,0.10373661294579506,0.2721393182873726,0.20827623456716537
5245,Bernardo,3,119,0,0.030936704948544502,0,0.03637155890464783,1,1,0,0,DEF,Brighton,0,0.030936704948544502,0.21023221127688885,0.14292394742369652
5261,Kevin Danso,3,59,0,0.07807090878486633,0,0,1,0,0,0,FWD,Southampton,0,0.07807090878486633,0.31782060861587524,0.31782060861587524
5264,Caglar Söyüncü,3,252,0,0,0,0.030696922913193703,0,1,0,1,DEF,Leicester,0,0,1.5815424174070358,1.5508454889059067
5544,Angus Gunn,3,270,0,0,0,0,0,0,0,0,GK,Southampton,0,0,0,0
5545,Wilfred Ndidi,3,253,0,0.08667686581611633,0,0,3,0,0,0,MID,Leicester,0,0.08667686581611633,1.6062860041856766,1.5196090787649155
5549,Luka Milivojevic,3,175,0,0.049860451370477676,0,0.027942100539803505,1,1,2,0,MID,Crystal Palace,0,0.049860451370477676,0.3071380890905857,0.3071380890905857
5552,Nick Pope,3,270,0,0,0,0,0,0,0,0,GK,Burnley,0,0,0.26657137274742126,0.26657137274742126
5555,Dominic Calvert-Lewin,3,197,0,1.1136357188224792,0,0,4,0,1,0,FWD,Everton,0,1.1136357188224792,0.8719989284873009,0.2280106097459793
5560,Scott McTominay,3,71,0,0,0,0,0,0,0,0,MID,Manchester United,0,0,0.12665320932865143,0.12665320932865143
5567,Nathan Holland,2,24,0,0.009777018800377846,0,0,1,0,0,0,FWD,West Ham,0,0.009777018800377846,0.009777018800377846,0
5573,Domingos Quina,3,8,0,0.02132098376750946,0,0,1,0,0,0,FWD,Watford,0,0.02132098376750946,0.02132098376750946,0
5584,Aaron Wan-Bissaka,3,222,0,0.03640652075409889,0,0.07397893071174622,1,1,1,0,DEF,Manchester United,0,0.03640652075409889,0.5788737386465073,0.46848829090595245
5595,Daniel James,3,21,0,0.04131109267473221,0,0.0833219438791275,1,1,0,0,FWD,Manchester United,0,0.04131109267473221,0.20034629851579666,0.07571325451135635
5596,Harry Wilson,3,54,0,0.17511152476072311,0,0,5,0,0,0,FWD,Bournemouth,0,0.17511152476072311,0.23457565903663635,0.09375927224755287
5598,Angel Gomes,2,17,0,0,0,0.22920328378677368,0,2,0,0,FWD,Manchester United,0,0,0.252397283911705,0.16221578419208527
5602,Sam Surridge,3,8,0,0.8971610069274902,0,0.06571190804243088,2,1,0,0,FWD,Bournemouth,0,0.8971610069274902,0.48576485365629196,0
5603,Aaron Ramsdale,3,270,0,0,0,0.03599727526307106,0,1,0,0,GK,Bournemouth,0,0,0.12744084000587463,0.09144356846809387
5612,Anwar El Ghazi,3,26,0,0.3438318073749542,0,0,1,0,0,0,FWD,Aston Villa,0,0.3438318073749542,0.3438318073749542,0
5656,Nicolas Pepe,3,194,0,0.03289101645350456,0,0.5021517500281334,1,4,0,0,FWD,Arsenal,0,0.03289101645350456,0.2527566887438297,0.1946299709379673
5675,Ismaila Sarr,3,270,0,0.23934152722358704,1,1.3413601145148277,5,5,0,0,MID,Watford,0,0.23934152722358704,2.050099492073059,1.0089021287858486
5681,Giovani Lo Celso,3,208,0,0.08933310396969318,2,0.37259407714009285,2,6,0,0,MID,Tottenham,0,0.08933310396969318,0.7407037541270256,0.43784942477941513
5759,Matteo Guendouzi,3,163,0,0,0,0,0,0,0,0,MID,Arsenal,0,0,0.2647818326950073,0.2647818326950073
5956,Youri Tielemans,3,239,0,0.5490032881498337,0,0.640534371137619,6,9,0,0,MID,Leicester,0,0.5490032881498337,1.9606955349445343,0.9823319315910339
5962,Tanguy NDombele Alvaro,3,107,0,0,0,0,0,0,1,0,MID,Tottenham,0,0,0.75969348102808,0.75969348102808
6027,Jairo Riedewald,3,35,0,0,0,0,0,0,0,0,FWD,Crystal Palace,0,0,0.09780827909708023,0.09780827909708023
6033,Aaron Mooy,3,102,0,0.01674729771912098,0,0.08232361823320389,1,1,0,0,MID,Brighton,0,0.01674729771912098,0.1881973296403885,0.08912641555070877
6034,Philip Billing,3,202,0,0.05934353545308113,0,0.09055493772029877,1,2,1,0,MID,Bournemouth,0,0.05934353545308113,0.2177017703652382,0.16282229404896498
6042,Jan Bednarek,3,270,0,0.05109383165836334,1,0.9555973410606384,1,1,1,0,DEF,Southampton,0,0.05109383165836334,0.6724685505032539,0.6724685505032539
6044,Charlie Taylor,3,209,0,0,1,0.18042443692684174,0,2,0,0,DEF,Burnley,0,0,0.3732805550098419,0.19285611808300018
6047,Shane Duffy,3,92,0,0.023503102362155914,0,0,1,0,0,0,DEF,Brighton,0,0.023503102362155914,0,0
6048,Lewis Dunk,3,270,0,0.07955139130353928,0,0.1630457304418087,1,2,0,0,DEF,Brighton,0,0.07955139130353928,0.2915024980902672,0.23175695538520813
6049,Solly March,3,184,0,0,0,0.061313703656196594,0,1,0,0,MID,Brighton,0,0,0.13206017017364502,0.13206017017364502
6050,Davy Pröpper,3,96,0,0.03258311003446579,0,0.01339503563940525,1,1,0,0,MID,Brighton,0,0.03258311003446579,0.17245175875723362,0.13986865617334843
6051,Dale Stephens,3,270,0,0.01667698845267296,0,0.022143850103020668,1,1,1,0,MID,Brighton,0,0.01667698845267296,0.14691451378166676,0.10809366963803768
6054,Ederson,3,270,0,0,0,0,0,0,0,0,GK,Manchester City,0,0,0.6159700825810432,0.6159700825810432
6062,Isaac Hayden,3,74,0,0.5859391689300537,0,0,1,0,0,0,MID,Newcastle United,0,0.5859391689300537,1.7945222854614258,1.208583116531372
6080,Victor Lindelöf,3,270,0,0,0,0,0,0,1,0,DEF,Manchester United,0,0,1.075404241681099,1.075404241681099
6104,Will Hughes,3,266,0,0.06379209458827972,0,0.11613425984978676,2,3,3,0,MID,Watford,0,0.06379209458827972,0.8620434142649174,0.7982513159513474
6105,Gaëtan Bong,3,52,0,0,0,0.11898884922266006,0,2,0,0,FWD,Brighton,0,0,0.15665270946919918,0.03766385931521654
6122,Douglas Luiz,3,270,0,0.021948009729385376,0,0.10871101729571819,1,2,1,0,MID,Aston Villa,0,0.021948009729385376,0.5200186967849731,0.3893596678972244
6143,Jetro Willems,3,145,0,0,0,0.04203445464372635,0,2,0,0,DEF,Newcastle United,0,0,0.24985694885253906,0.2078225016593933
6144,Sébastien Haller,3,66,0,0.12670722603797913,0,0,3,0,0,0,FWD,West Ham,0,0.12670722603797913,0.2102530598640442,0.13734620064496994
6249,Davinson Sánchez,3,181,0,0,0,0,0,0,1,0,DEF,Tottenham,0,0,0.6852304935455322,0.6852304935455322
6306,Juan Foyth,3,66,0,0,0,0.02350112982094288,0,1,1,0,DEF,Tottenham,0,0,0.0990934669971466,0.0990934669971466
6336,Bruno Jordao,1,1,0,0,0,0.046125613152980804,0,1,0,0,FWD,Wolverhampton Wanderers,0,0,0,0
6352,Valentino Lazaro,3,123,0,0.04407426342368126,0,0.04179340600967407,1,1,0,0,MID,Newcastle United,0,0.04407426342368126,0.16056621074676514,0.11649195104837418
6382,Pedro Neto,3,67,0,0.07884011417627335,0,0.009067893959581852,1,1,1,0,FWD,Wolverhampton Wanderers,0,0.07884011417627335,0.07884011417627335,0
6410,Jack Simpson,3,181,0,0.011818751692771912,0,0.034685321152210236,1,1,0,0,DEF,Bournemouth,0,0.011818751692771912,0.04650407284498215,0
6418,Hamza Choudhury,3,95,0,0,0,0,0,0,0,0,MID,Leicester,0,0,0.08595733344554901,0.08595733344554901
6424,Ben Johnson,3,270,0,0.015314771793782711,0,0.028969408944249153,1,1,0,0,DEF,West Ham,0,0.015314771793782711,0.42286722362041473,0.42286722362041473
6456,Callum Hudson-Odoi,3,41,0,0,1,0.05774007737636566,0,1,0,0,FWD,Chelsea,0,0,0.8976532369852066,0.8399131447076797
6477,Cenk Tosun,3,74,0,0.38556018471717834,0,0.475088894367218,2,1,0,0,FWD,Crystal Palace,0,0.38556018471717834,1.0412000715732574,0.18055099248886108
6482,Eddie Nketiah,3,122,0,0.4952239394187927,0,0.39650723338127136,2,1,0,1,FWD,Arsenal,0,0.4952239394187927,0.8751917034387589,0.3719751425087452
6504,Michael Obafemi,3,51,0,0,1,0.4407045841217041,0,3,0,0,FWD,Southampton,0,0,0.4407045841217041,0
6521,Yerry Mina,3,175,0,0.01215409953147173,0,0.028658198192715645,1,1,0,0,DEF,Everton,0,0.01215409953147173,0.3520140126347542,0.3233558163046837
6532,Martin Dubravka,3,270,0,0,0,0,0,0,0,0,GK,Newcastle United,0,0,0.0171064343303442,0.0171064343303442
6542,Jürgen Locadia,2,84,0,0.3997017852962017,0,0,2,0,0,0,FWD,Brighton,0,0.3997017852962017,0.10170037858188152,0.043615104630589485
6630,Joe Willock,3,100,0,0.39002661406993866,0,0,2,0,1,0,MID,Arsenal,0,0.39002661406993866,0.44843511283397675,0.05840850621461868
6665,Curtis Jones,3,92,0,0.33766165375709534,0,0,3,0,0,0,MID,Liverpool,0,0.33766165375709534,0.6970194429159164,0.3593577891588211
6681,Harvey Barnes,3,178,0,1.2873514741659164,0,0.04597671888768673,5,2,0,0,FWD,Leicester,0,1.2873514741659164,1.9195894822478294,0.6322380602359772
6756,Dwight McNeil,3,270,0,0.1965813748538494,0,0.37056808173656464,5,7,0,0,MID,Burnley,0,0.1965813748538494,0.9439374059438705,0.5713519006967545
6817,Fred,3,58,0,0.21866197884082794,0,0.02488561160862446,2,1,1,0,FWD,Manchester United,0,0.21866197884082794,1.844649076461792,1.6764736846089363
6818,James Maddison,3,221,0,0.45850203186273575,0,0.6142111793160439,12,4,0,0,MID,Leicester,0,0.45850203186273575,0.8089267164468765,0.4660927802324295
6837,Ryan Sessegnon,3,270,0,0.09263186901807785,0,0.04794934019446373,1,2,0,0,DEF,Tottenham,0,0.09263186901807785,0.5256650149822235,0.40152259171009064
6842,Alireza Jahanbakhsh,3,25,0,0,0,0,0,0,0,0,FWD,Brighton,0,0,0,0
6849,Rui Patrício,3,270,0,0,0,0,0,0,0,0,GK,Wolverhampton Wanderers,0,0,0.03175938501954079,0.03175938501954079
6850,Willy Boly,3,270,0,0.13487818744033575,0,0,3,0,0,0,DEF,Wolverhampton Wanderers,0,0.13487818744033575,0.47914598137140274,0.47914598137140274
6851,Conor Coady,3,270,0,0,0,0,0,0,1,0,DEF,Wolverhampton Wanderers,0,0,0.450381675735116,0.450381675735116
6852,Matt Doherty,3,172,0,0.025408132933080196,1,0.7247459981590509,2,2,0,0,MID,Wolverhampton Wanderers,0,0.025408132933080196,0.9626336600631475,0.9462934210896492
6853,Rúben Neves,3,244,0,0.08149353042244911,0,0.18615718930959702,4,4,0,0,MID,Wolverhampton Wanderers,0,0.08149353042244911,0.6328104808926582,0.43041022308170795
6854,Diogo Jota,3,184,0,0.23102514445781708,0,0.04932905733585358,3,1,1,0,FWD,Wolverhampton Wanderers,0,0.23102514445781708,0.3735685534775257,0.09321435168385506
6856,Rúben Vinagre,3,114,0,0,0,0,0,0,0,0,MID,Wolverhampton Wanderers,0,0,0.057762693613767624,0.057762693613767624
6857,Morgan Gibbs-White,3,3,0,0,0,0,0,0,0,0,FWD,Wolverhampton Wanderers,0,0,0,0
6859,Kortney Hause,3,191,0,0.06765948981046677,0,0,1,0,0,0,DEF,Aston Villa,0,0.06765948981046677,0.06797668151557446,0.06797668151557446
6891,Ryan Fredericks,3,270,0,0.1156697515398264,1,1.3923917710781097,2,4,2,0,DEF,West Ham,0,0.1156697515398264,1.830260045826435,1.2920693084597588
6892,Fabián Balbuena,3,3,0,0,0,0,0,0,0,0,FWD,West Ham,0,0,0,0
6893,Stuart Armstrong,3,128,0,0.0978379100561142,0,0.06602559238672256,2,1,0,0,MID,Southampton,0,0.0978379100561142,0.7114208564162254,0.5475573465228081
6997,Ignacio Pussetto,3,23,0,0,0,0,0,0,1,0,FWD,Watford,0,0,0,0
7063,Bernard,3,112,0,0,0,0.05257239192724228,0,1,0,0,MID,Everton,0,0,0.27871233224868774,0.27871233224868774
7198,Oliver Skipp,3,13,0,0,0,0,0,0,0,0,FWD,Tottenham,0,0,0,0
7230,Emile Smith-Rowe,2,96,0,0,0,0,0,0,0,0,MID,Arsenal,0,0,0,0
7236,Leander Dendoncker,3,184,0,0,0,0,0,0,1,0,DEF,Wolverhampton Wanderers,0,0,0.23499806970357895,0.23499806970357895
7280,Yan Valery,3,229,0,0.0458286888897419,0,0,1,0,0,0,DEF,Southampton,0,0.0458286888897419,0.444971963763237,0.3991432785987854
7281,Diogo Dalot,3,3,0,0.37155982851982117,0,0,1,0,0,0,FWD,Manchester United,0,0.37155982851982117,0.37155982851982117,0
7322,Bukayo Saka,3,168,0,0.10937867313623428,0,0.10670933127403259,2,1,1,0,MID,Arsenal,0,0.10937867313623428,0.16825884580612183,0.05888017639517784
7332,Max Kilman,3,183,0,0,0,0,0,0,0,0,DEF,Wolverhampton Wanderers,0,0,0.03503457084298134,0.03503457084298134
7382,Dan Burn,3,270,0,0.1414496749639511,0,0.11471935361623764,1,2,0,0,DEF,Brighton,0,0.1414496749639511,0.5583891458809376,0.37959226965904236
7384,Chris Mepham,3,188,0,0.023586325347423553,0,0.07673638314008713,1,1,0,0,DEF,Bournemouth,0,0.023586325347423553,0.7583715431392193,0.6816351562738419
7420,Miguel Almirón,3,254,0,0.2765040695667267,0,0.09397031366825104,5,4,0,0,MID,Newcastle United,0,0.2765040695667267,0.7998425140976906,0.6171172484755516
7438,James Garner,1,5,0,0,0,0,0,0,0,0,FWD,Manchester United,0,0,0.03625577688217163,0.03625577688217163
7439,Tahith Chong,3,29,0,0.07188171148300171,0,0,1,0,0,0,FWD,Manchester United,0,0.07188171148300171,0.08599957451224327,0.014117863029241562
7546,Harvey Elliott,2,5,0,0,0,0,0,0,0,0,FWD,Liverpool,0,0,0,0
7582,Mark Travers,1,90,0,0,0,0,0,0,0,0,GK,Bournemouth,0,0,0.019804751500487328,0.019804751500487328
7602,Kelland Watts,1,12,0,0,0,0,0,0,0,0,FWD,Newcastle United,0,0,0,0
7688,Max Aarons,3,270,0,0,0,0,0,0,0,0,DEF,Norwich,0,0,0.4403320252895355,0.4403320252895355
7689,Ben Godfrey,3,270,0,0.45704299211502075,0,0,3,0,0,0,DEF,Norwich,0,0.45704299211502075,0.3338720202445984,0.3338720202445984
7690,Grant Hanley,3,270,0,0,0,0,0,0,1,0,DEF,Norwich,0,0,0.2013581357896328,0.2013581357896328
7691,Jamal Lewis,3,270,0,0.03746437653899193,0,0,1,0,0,0,DEF,Norwich,0,0.03746437653899193,0.3713363967835903,0.3338720202445984
7692,Tom Trybull,3,125,0,0,0,0.013341730460524559,0,1,0,0,MID,Norwich,0,0,0.17112957499921322,0.15778784453868866
7693,Kenny McLean,3,270,0,0.02564656175673008,0,0.3823443576693535,1,3,0,0,MID,Norwich,0,0.02564656175673008,0.42700560577213764,0.3638946656137705
7694,Marco Stiepermann,3,160,0,0.13771815598011017,0,0.11944374442100525,1,2,1,0,MID,Norwich,0,0.13771815598011017,0.33576709032058716,0.17261460423469543
7695,Todd Cantwell,3,245,0,0.06739458069205284,0,0.10646000504493713,2,1,1,0,MID,Norwich,0,0.06739458069205284,0.5103127025067806,0.3713363967835903
7696,Teemu Pukki,3,160,0,0.3774586170911789,0,0,3,0,0,0,FWD,Norwich,0,0.3774586170911789,0.3774586170911789,0
7697,Onel Hernández,3,262,0,0.3638946656137705,0,0.02564656175673008,2,1,0,0,MID,Norwich,0,0.3638946656137705,0.3638946656137705,0
7698,Leandro Trossard,3,241,0,0.7721222192049026,0,0.1761493906378746,7,3,0,0,MID,Brighton,0,0.7721222192049026,0.8754486590623856,0.1733921468257904
7699,Adam Webster,3,270,0,0.038428764790296555,0,0,2,0,1,0,DEF,Brighton,0,0.038428764790296555,0.1584196798503399,0.1584196798503399
7701,Moussa Djenepo,3,169,0,0.47036832571029663,1,0.575956866145134,3,5,0,1,MID,Southampton,0,0.47036832571029663,1.3051747679710388,0.33897316455841064
7702,Dean Henderson,3,270,0,0,0,0,0,0,0,0,GK,Sheffield United,0,0,0,0
7703,John Egan,3,270,0,0.13990771025419235,0,0.45159250497817993,3,1,1,0,DEF,Sheffield United,0,0.13990771025419235,0.5966857075691223,0.5666177868843079
7704,Chris Basham,3,228,0,0,0,0.13294392451643944,0,2,0,0,DEF,Sheffield United,0,0,0.5905735865235329,0.5127477720379829
7705,Jack O&#039;Connell,3,270,0,0,0,0,0,0,0,0,DEF,Sheffield United,0,0,0.22286569699645042,0.22286569699645042
7706,George Baldock,3,270,0,0.0779515877366066,0,0.14986126497387886,1,3,0,0,MID,Sheffield United,0,0.0779515877366066,0.457101684063673,0.31070805713534355
7707,Enda Stevens,3,270,0,0.13951797038316727,0,0.0779515877366066,3,1,1,0,MID,Sheffield United,0,0.13951797038316727,0.746514517813921,0.6250433810055256
7709,John Fleck,3,161,0,0,0,0.08623064309358597,0,2,1,0,MID,Sheffield United,0,0,0.18029308691620827,0.12413035705685616
7710,Oliver Norwood,3,168,0,0,0,0.1098397970199585,0,2,1,0,MID,Sheffield United,0,0,0.0161108560860157,0.0161108560860157
7712,Billy Sharp,3,131,0,0.8439137935638428,1,0.8842048048973083,2,2,0,0,FWD,Sheffield United,0,0.8439137935638428,1.2765260934829712,0
7713,Luke Freeman,3,90,0,0.023521866649389267,0,0,1,0,0,0,MID,Sheffield United,0,0.023521866649389267,0.023521866649389267,0.023521866649389267
7714,Ben Osborn,3,199,0,0.10344873741269112,0,0.1859700232744217,2,2,0,0,MID,Sheffield United,0,0.10344873741269112,0.23554523289203644,0.12880325317382812
7715,Simon Moore,2,180,0,0,0,0,0,0,0,0,GK,Sheffield United,0,0,0.02943248488008976,0.02943248488008976
7721,Conor Hourihane,3,245,0,0.11190187186002731,1,0.8306995332241058,3,4,0,0,MID,Aston Villa,0,0.11190187186002731,0.47119374573230743,0.258356012403965
7723,John McGinn,3,270,0,0.6164694130420685,1,0.2694413289427757,7,5,0,0,MID,Aston Villa,0,0.6164694130420685,1.0134607553482056,0.18431747891008854
7725,Jonathan Kodjia,3,61,0,0.15865358710289001,0,0.08237358927726746,2,1,1,0,FWD,Aston Villa,0,0.15865358710289001,0.32795190811157227,0.0869247317314148
7727,Henri Lansbury,3,88,0,0.03499547392129898,0,0,1,0,0,0,MID,Aston Villa,0,0.03499547392129898,0.39603081345558167,0.3610353469848633
7753,James Justin,3,270,0,0.053279027342796326,0,0.3120041787624359,2,4,0,0,DEF,Leicester,0,0.053279027342796326,0.9672556817531586,0.719191238284111
7823,Jack Stacey,3,270,0,0,0,0,0,0,0,0,DEF,Bournemouth,0,0,0.7251702575013041,0.7251702575013041
7988,Billy Gilmour,3,94,0,0,0,0.12599335610866547,0,2,0,0,MID,Chelsea,0,0,1.2670138031244278,1.141020491719246
7990,Christoph Zimmermann,3,219,0,0,0,0.030022645369172096,0,1,1,0,DEF,Norwich,0,0,0.4683736804872751,0.438351035118103
8016,Matthew Longstaff,3,113,0,0.08767247945070267,0,0,1,0,0,0,MID,Newcastle United,0,0.08767247945070267,0.13165323808789253,0.043980758637189865
8020,Steven Alzate,3,124,0,0,0,0.08475351333618164,0,2,0,0,DEF,Brighton,0,0,0.5506760478019714,0.4999915137887001
8021,Adam Idah,3,19,0,0.02005445957183838,0,0,1,0,0,0,FWD,Norwich,0,0.02005445957183838,0.02005445957183838,0
8022,Michael McGovern,2,159,0,0,0,0,0,0,0,0,GK,Norwich,0,0,0.1004980057477951,0.1004980057477951
8040,Marvelous Nakamba,3,28,0,0,0,0,0,0,0,0,FWD,Aston Villa,0,0,0.07097889482975006,0.07097889482975006
8045,Eric Garcia,3,181,0,0,0,0.2226095087826252,0,2,1,0,DEF,Manchester City,0,0,1.594111979007721,1.594111979007721
8046,Kieron Freeman,2,5,0,0,0,0,0,0,0,0,FWD,Sheffield United,0,0,0.023521866649389267,0.023521866649389267
8061,Leon Clarke,2,29,0,0.42813047766685486,0,0,1,0,0,0,FWD,Sheffield United,0,0.42813047766685486,0.4880923330783844,0.05996185913681984
8066,Arnaut Danjuma Groeneveld,3,156,0,0.4227014482021332,0,0.047445204108953476,2,1,0,0,MID,Bournemouth,0,0.4227014482021332,0.3583071157336235,0.019860798493027687
8067,Reece James,3,187,0,0.0777254980057478,0,0.8535411432385445,2,4,0,0,MID,Chelsea,0,0.0777254980057478,1.0178365856409073,0.7192880064249039
8075,Brandon Williams,3,192,0,0,0,0.08578138053417206,0,1,1,0,DEF,Manchester United,0,0,0.8821087926626205,0.8821087926626205
8080,Akin Famewo,1,1,0,0,0,0,0,0,0,0,FWD,Norwich,0,0,0,0
8082,David Martin,3,256,0,0,0,0,0,0,1,0,GK,West Ham,0,0,0.09892810136079788,0.09892810136079788
8090,Lloyd Kelly,3,270,0,0.03567546233534813,0,0,1,0,1,0,DEF,Bournemouth,0,0.03567546233534813,0.3503749184310436,0.3503749184310436
8145,Troy Parrott,2,3,0,0,0,0,0,0,0,0,FWD,Tottenham,0,0,0,0
8150,Anthony Gordon,3,59,0,0.12071122229099274,0,0,1,0,0,0,FWD,Everton,0,0.12071122229099274,0.2691783756017685,0.14846715331077576
8204,Neco Williams,3,209,0,0.16478053107857704,0,0.026051729917526245,5,1,1,0,DEF,Liverpool,0,0.16478053107857704,0.8409332036972046,0.7073071449995041
8214,Tyrick Mitchell,3,182,0,0,0,0.18981103971600533,0,4,1,0,DEF,Crystal Palace,0,0,0.18261706456542015,0.13094981014728546
8216,Brandon Pierrick,2,10,0,0,0,0.09551873803138733,0,2,0,0,FWD,Crystal Palace,0,0,0.09551873803138733,0
8222,Japhet Tanganga,3,258,0,0.03656630963087082,0,0.029117818921804428,2,1,0,0,DEF,Tottenham,0,0.03656630963087082,0.4060821086168289,0.3824812322854996
8224,William Smallbone,3,159,0,0.03840358182787895,1,0.13323763757944107,2,2,0,0,MID,Southampton,0,0.03840358182787895,0.3821764662861824,0.22961590625345707
8226,Tariq Lamptey,3,251,0,0.05876580998301506,0,0.7127249836921692,1,4,0,0,DEF,Brighton,0,0.05876580998301506,0.37769659608602524,0.24483206123113632
8235,Jeremy Ngakia,3,262,0,0.014036504551768303,0,0,1,0,0,0,DEF,West Ham,0,0.014036504551768303,0.7898290455341339,0.7757925391197205
8239,Takumi Minamino,3,96,0,0.13562146201729774,0,0.01614287868142128,4,1,0,0,FWD,Liverpool,0,0.13562146201729774,0.2020176723599434,0.06808909773826599
8254,Indiana Vassilev,3,14,0,0.03281444311141968,0,0,1,0,0,0,FWD,Aston Villa,0,0.03281444311141968,0.03281444311141968,0
8257,Gedson Fernandes,3,19,0,0.019950563088059425,0,0,1,0,0,0,FWD,Tottenham,0,0.019950563088059425,0.1274897325783968,0.10753916949033737
8272,João Pedro,3,14,0,0.04292362555861473,0,0,1,0,0,0,FWD,Watford,0,0.04292362555861473,0.04292362555861473,0
8285,Sander Berge,3,227,0,0,0,0.09634491056203842,0,1,0,0,MID,Sheffield United,0,0,0.22941462695598602,0.22941462695598602
8286,Jack Robinson,3,237,0,0,0,0.10129658877849579,0,1,0,0,DEF,Sheffield United,0,0,0.9774872288107872,0.8761906418949366
8287,Mbwana Samatta,3,212,0,0.4665662497282028,0,0.019622376188635826,5,1,1,0,FWD,Aston Villa,0,0.4665662497282028,0.863441526889801,0.5287692844867706
8300,Steven Bergwijn,3,68,0,0,1,0.5391449928283691,0,1,0,0,FWD,Tottenham,0,0,0.5391449928283691,0.5391449928283691
8323,Josh Brownhill,3,267,0,0.15118594467639923,0,0.07833310589194298,3,2,1,0,MID,Burnley,0,0.15118594467639923,1.5623789727687836,1.5040176212787628
8379,Alexis Mac Allister,3,117,0,0.4361768066883087,0,0.10383448004722595,3,1,0,0,MID,Brighton,0,0.4361768066883087,0.6386854276061058,0.09867414087057114
8380,Pablo Marí,2,113,0,0,0,0,0,0,0,0,DEF,Arsenal,0,0,0.5135994404554367,0.5135994404554367
8383,Faustino Anjorin,1,19,0,0.016682621091604233,0,0,1,0,0,0,FWD,Chelsea,0,0.016682621091604233,0.016682621091604233,0
8384,Armando Broja,1,4,0,0,0,0,0,0,0,0,FWD,Chelsea,0,0,0.020872782915830612,0.020872782915830612
8455,Josh Martin,3,19,0,0.10646000504493713,0,0,1,0,0,0,FWD,Norwich,0,0.10646000504493713,0.10646000504493713,0
8456,Nathan Tella,1,1,0,0.07578611373901367,0,0,1,0,0,0,FWD,Southampton,0,0.07578611373901367,0.07578611373901367,0
8472,Richairo Zivkovic,3,57,0,0.06403877586126328,0,0.1276949793100357,1,1,0,0,FWD,Sheffield United,0,0.06403877586126328,0.2056465670466423,0.2056465670466423
8476,Jarrad Branthwaite,3,255,0,0,0,0,0,0,0,0,DEF,Everton,0,0,1.4263978749513626,1.4263978749513626
8480,Max Thompson,1,1,0,0,0,0,0,0,0,0,FWD,Burnley,0,0,0,0
8493,Jake Vokins,1,90,0,0.013284161686897278,0,0.09659572690725327,1,1,0,0,DEF,Southampton,0,0.013284161686897278,0.5018613934516907,0.4885772168636322
8496,Tommy Doyle,1,13,0,0.07760051637887955,0,0,1,0,0,0,FWD,Manchester City,0,0.07760051637887955,0.07760051637887955,0
8518,Jordan Thomas,1,1,0,0,0,0,0,0,0,0,FWD,Norwich,0,0,0,0
8562,Luke Thomas,3,270,0,0,1,0.6299818009138107,0,9,0,0,MID,Leicester,0,0,1.3788530230522156,1.2677359282970428
8563,George Hirst,2,5,0,0.10060279257595539,0,0,3,0,0,0,FWD,Leicester,0,0.10060279257595539,0.021223096176981926,0
